تاریخ شمسی,مقدار فروش,نام کالا,کد فروشگاه
1402/11/17,29,روغن سرخ بدون پالم شفاف غنچه 810 گرم,3
1402/10/14,27,روغن سرخ بدون پالم شفاف غنچه 810 گرم,2
1402/10/04,25,اسپاگتی 1.5 زر 700 گرم,1
1402/10/22,18,تن ماهی ساده 180 گرمی گالکسی,2
1402/10/26,17,گوشت چرخکرده مخلوط مهیا 1 کیلویی,3
1402/11/16,15,گوشت چرخکرده مخلوط مهیا 1 کیلویی,3
1402/11/05,15,گوشت چرخکرده مخلوط مهیا 1 کیلویی,2
1402/11/03,15,گوشت چرخکرده مخلوط مهیا 1 کیلویی,2
1402/11/01,15,گوشت چرخکرده مخلوط مهیا 1 کیلویی,3
1402/11/01,14,اسپاگتی 1.5 زر 700 گرم,3
1402/12/03,14,گوشت چرخکرده مخلوط مهیا 1 کیلویی,3
1402/11/14,14,گوشت چرخکرده مخلوط مهیا 1 کیلویی,3
1402/11/21,13,تن ماهی ساده 180 گرمی گالکسی,2
1402/12/04,13,اسپاگتی 1.5 زر 700 گرم,3
1402/11/15,13,گوشت چرخکرده مخلوط مهیا 1 کیلویی,3
1402/11/14,13,گوشت چرخکرده مخلوط مهیا 1 کیلویی,1
1402/11/21,12,تن ماهی ساده 180 گرمی گالکسی,3
1402/11/14,12,تن ماهی ساده 180 گرمی گالکسی,2
1402/10/22,12,تن ماهی ساده 180 گرمی گالکسی,1
1402/10/26,12,اسپاگتی 1.5 زر 700 گرم,1
1402/10/09,12,اسپاگتی 1.5 زر 700 گرم,3
1402/11/24,11,تن ماهی ساده 180 گرمی گالکسی,1
1402/11/04,11,تن ماهی ساده 180 گرمی گالکسی,3
1402/10/05,11,تن ماهی ساده 180 گرمی گالکسی,3
1402/10/24,11,اسپاگتی 1.5 زر 700 گرم,3
1402/11/28,11,گوشت چرخکرده مخلوط مهیا 1 کیلویی,3
1402/10/25,11,گوشت چرخکرده مخلوط مهیا 1 کیلویی,3
1402/10/24,11,گوشت چرخکرده مخلوط مهیا 1 کیلویی,3
1402/10/26,10,روغن سرخ بدون پالم شفاف غنچه 810 گرم,1
1402/11/19,10,تن ماهی ساده 180 گرمی گالکسی,2
1402/10/30,10,تن ماهی ساده 180 گرمی گالکسی,2
1402/11/02,10,اسپاگتی 1.5 زر 700 گرم,3
1402/10/26,10,اسپاگتی 1.5 زر 700 گرم,3
1402/10/21,10,اسپاگتی 1.5 زر 700 گرم,3
1402/12/01,10,گوشت چرخکرده مخلوط مهیا 1 کیلویی,3
1402/11/02,10,گوشت چرخکرده مخلوط مهیا 1 کیلویی,2
1402/10/26,10,گوشت چرخکرده مخلوط مهیا 1 کیلویی,2
1402/11/03,9,روغن سرخ بدون پالم شفاف غنچه 810 گرم,2
1402/11/11,9,تن ماهی ساده 180 گرمی گالکسی,2
1402/11/03,9,تن ماهی ساده 180 گرمی گالکسی,3
1402/10/28,9,تن ماهی ساده 180 گرمی گالکسی,2
1402/10/18,9,اسپاگتی 1.5 زر 700 گرم,3
1402/10/06,9,اسپاگتی 1.5 زر 700 گرم,3
1402/11/28,9,گوشت چرخکرده مخلوط مهیا 1 کیلویی,2
1402/11/17,9,گوشت چرخکرده مخلوط مهیا 1 کیلویی,1
1402/11/12,9,گوشت چرخکرده مخلوط مهیا 1 کیلویی,3
1402/10/27,9,گوشت چرخکرده مخلوط مهیا 1 کیلویی,2
1402/11/26,8,روغن سرخ بدون پالم شفاف غنچه 810 گرم,2
1402/11/16,8,روغن سرخ بدون پالم شفاف غنچه 810 گرم,3
1402/10/22,8,روغن سرخ بدون پالم شفاف غنچه 810 گرم,3
1402/11/27,8,تن ماهی ساده 180 گرمی گالکسی,3
1402/11/10,8,تن ماهی ساده 180 گرمی گالکسی,2
1402/11/01,8,تن ماهی ساده 180 گرمی گالکسی,3
1402/10/03,8,تن ماهی ساده 180 گرمی گالکسی,2
1402/10/03,8,تن ماهی ساده 180 گرمی گالکسی,3
1402/11/30,8,اسپاگتی 1.5 زر 700 گرم,2
1402/11/06,8,اسپاگتی 1.5 زر 700 گرم,2
1402/10/22,8,اسپاگتی 1.5 زر 700 گرم,2
1402/10/16,8,اسپاگتی 1.5 زر 700 گرم,3
1402/10/15,8,اسپاگتی 1.5 زر 700 گرم,2
1402/12/02,8,گوشت چرخکرده مخلوط مهیا 1 کیلویی,1
1402/12/02,8,گوشت چرخکرده مخلوط مهیا 1 کیلویی,2
1402/11/07,8,گوشت چرخکرده مخلوط مهیا 1 کیلویی,3
1402/11/03,8,گوشت چرخکرده مخلوط مهیا 1 کیلویی,1
1402/11/02,8,گوشت چرخکرده مخلوط مهیا 1 کیلویی,1
1402/10/22,8,گوشت چرخکرده مخلوط مهیا 1 کیلویی,3
1402/11/02,7,رب گوجه فرنگی 800 گرمی اصالت,1
1402/11/02,7,روغن سرخ بدون پالم شفاف غنچه 810 گرم,1
1402/10/26,7,روغن سرخ بدون پالم شفاف غنچه 810 گرم,2
1402/10/13,7,روغن سرخ بدون پالم شفاف غنچه 810 گرم,2
1402/10/10,7,روغن سرخ بدون پالم شفاف غنچه 810 گرم,2
1402/11/18,7,تن ماهی ساده 180 گرمی گالکسی,1
1402/10/02,7,تن ماهی ساده 180 گرمی گالکسی,3
1402/11/16,7,گوشت چرخکرده مخلوط مهیا 1 کیلویی,2
1402/11/11,7,گوشت چرخکرده مخلوط مهیا 1 کیلویی,2
1402/11/06,7,گوشت چرخکرده مخلوط مهیا 1 کیلویی,2
1402/11/04,7,گوشت چرخکرده مخلوط مهیا 1 کیلویی,1
1402/10/27,7,گوشت چرخکرده مخلوط مهیا 1 کیلویی,3
1402/11/14,6,روغن گیاهی نیمه جامد امگا 4 کیلویی غنچه,2
1402/11/12,6,روغن گیاهی نیمه جامد امگا 4 کیلویی غنچه,2
1402/10/22,6,روغن سرخ بدون پالم شفاف غنچه 810 گرم,1
1402/10/21,6,روغن سرخ بدون پالم شفاف غنچه 810 گرم,3
1402/11/28,6,تن ماهی ساده 180 گرمی گالکسی,3
1402/11/06,6,تن ماهی ساده 180 گرمی گالکسی,2
1402/11/03,6,تن ماهی ساده 180 گرمی گالکسی,2
1402/10/17,6,تن ماهی ساده 180 گرمی گالکسی,2
1402/10/23,6,اسپاگتی 1.5 زر 700 گرم,3
1402/10/18,6,اسپاگتی 1.5 زر 700 گرم,2
1402/10/14,6,اسپاگتی 1.5 زر 700 گرم,2
1402/10/08,6,اسپاگتی 1.5 زر 700 گرم,3
1402/11/16,6,گوشت چرخکرده مخلوط مهیا 1 کیلویی,1
1402/11/15,6,گوشت چرخکرده مخلوط مهیا 1 کیلویی,1
1402/11/15,6,گوشت چرخکرده مخلوط مهیا 1 کیلویی,2
1402/11/13,6,گوشت چرخکرده مخلوط مهیا 1 کیلویی,2
1402/11/12,6,گوشت چرخکرده مخلوط مهیا 1 کیلویی,1
1402/11/11,6,گوشت چرخکرده مخلوط مهیا 1 کیلویی,1
1402/11/01,6,گوشت چرخکرده مخلوط مهیا 1 کیلویی,1
1402/10/08,5,روغن گیاهی نیمه جامد امگا 4 کیلویی غنچه,3
1402/11/19,5,روغن سرخ بدون پالم شفاف غنچه 810 گرم,1
1402/11/01,5,روغن سرخ بدون پالم شفاف غنچه 810 گرم,2
1402/10/26,5,روغن سرخ بدون پالم شفاف غنچه 810 گرم,3
1402/10/06,5,روغن سرخ بدون پالم شفاف غنچه 810 گرم,3
1402/11/23,5,تن ماهی ساده 180 گرمی گالکسی,3
1402/11/22,5,تن ماهی ساده 180 گرمی گالکسی,3
1402/11/02,5,تن ماهی ساده 180 گرمی گالکسی,3
1402/10/27,5,تن ماهی ساده 180 گرمی گالکسی,3
1402/10/26,5,تن ماهی ساده 180 گرمی گالکسی,2
1402/10/25,5,تن ماهی ساده 180 گرمی گالکسی,3
1402/10/09,5,تن ماهی ساده 180 گرمی گالکسی,3
1402/12/01,5,اسپاگتی 1.5 زر 700 گرم,3
1402/11/20,5,اسپاگتی 1.5 زر 700 گرم,2
1402/11/03,5,اسپاگتی 1.5 زر 700 گرم,1
1402/11/01,5,اسپاگتی 1.5 زر 700 گرم,2
1402/10/26,5,اسپاگتی 1.5 زر 700 گرم,2
1402/10/17,5,اسپاگتی 1.5 زر 700 گرم,3
1402/10/15,5,اسپاگتی 1.5 زر 700 گرم,3
1402/10/11,5,اسپاگتی 1.5 زر 700 گرم,2
1402/10/07,5,اسپاگتی 1.5 زر 700 گرم,3
1402/10/05,5,اسپاگتی 1.5 زر 700 گرم,2
1402/10/02,5,اسپاگتی 1.5 زر 700 گرم,3
1402/11/22,5,گوشت چرخکرده مخلوط مهیا 1 کیلویی,1
1402/11/14,5,گوشت چرخکرده مخلوط مهیا 1 کیلویی,2
1402/11/10,5,گوشت چرخکرده مخلوط مهیا 1 کیلویی,1
1402/11/10,5,گوشت چرخکرده مخلوط مهیا 1 کیلویی,3
1402/11/04,5,گوشت چرخکرده مخلوط مهیا 1 کیلویی,2
1402/11/04,5,گوشت چرخکرده مخلوط مهیا 1 کیلویی,3
1402/10/30,5,گوشت چرخکرده مخلوط مهیا 1 کیلویی,1
1402/10/30,5,گوشت چرخکرده مخلوط مهیا 1 کیلویی,3
1402/10/24,5,گوشت چرخکرده مخلوط مهیا 1 کیلویی,2
1402/10/23,5,گوشت چرخکرده مخلوط مهیا 1 کیلویی,1
1402/10/21,5,گوشت چرخکرده مخلوط مهیا 1 کیلویی,1
1402/11/03,4,رب گوجه فرنگی 800 گرمی اصالت,1
1402/11/03,4,رب گوجه فرنگی 800 گرمی اصالت,2
1402/10/04,4,رب گوجه فرنگی 800 گرمی اصالت,2
1402/11/01,4,عسل پت 500 گرم داری نوش,1
1402/11/01,4,عسل پت 500 گرم داری نوش,2
1402/11/27,4,روغن گیاهی نیمه جامد امگا 4 کیلویی غنچه,2
1402/11/19,4,روغن گیاهی نیمه جامد امگا 4 کیلویی غنچه,2
1402/11/04,4,روغن گیاهی نیمه جامد امگا 4 کیلویی غنچه,3
1402/11/01,4,روغن گیاهی نیمه جامد امگا 4 کیلویی غنچه,2
1402/10/19,4,روغن گیاهی نیمه جامد امگا 4 کیلویی غنچه,3
1402/10/18,4,روغن گیاهی نیمه جامد امگا 4 کیلویی غنچه,1
1402/10/17,4,روغن گیاهی نیمه جامد امگا 4 کیلویی غنچه,3
1402/11/29,4,روغن سرخ بدون پالم شفاف غنچه 810 گرم,3
1402/11/10,4,روغن سرخ بدون پالم شفاف غنچه 810 گرم,2
1402/11/09,4,روغن سرخ بدون پالم شفاف غنچه 810 گرم,2
1402/11/02,4,روغن سرخ بدون پالم شفاف غنچه 810 گرم,3
1402/10/25,4,روغن سرخ بدون پالم شفاف غنچه 810 گرم,2
1402/10/21,4,روغن سرخ بدون پالم شفاف غنچه 810 گرم,1
1402/10/17,4,روغن سرخ بدون پالم شفاف غنچه 810 گرم,3
1402/10/16,4,روغن سرخ بدون پالم شفاف غنچه 810 گرم,1
1402/10/10,4,روغن سرخ بدون پالم شفاف غنچه 810 گرم,3
1402/12/03,4,تن ماهی ساده 180 گرمی گالکسی,1
1402/11/29,4,تن ماهی ساده 180 گرمی گالکسی,3
1402/11/25,4,تن ماهی ساده 180 گرمی گالکسی,1
1402/11/24,4,تن ماهی ساده 180 گرمی گالکسی,3
1402/11/18,4,تن ماهی ساده 180 گرمی گالکسی,2
1402/11/17,4,تن ماهی ساده 180 گرمی گالکسی,2
1402/11/13,4,تن ماهی ساده 180 گرمی گالکسی,3
1402/11/11,4,تن ماهی ساده 180 گرمی گالکسی,1
1402/11/09,4,تن ماهی ساده 180 گرمی گالکسی,2
1402/11/07,4,تن ماهی ساده 180 گرمی گالکسی,3
1402/11/05,4,تن ماهی ساده 180 گرمی گالکسی,3
1402/11/02,4,تن ماهی ساده 180 گرمی گالکسی,2
1402/10/30,4,تن ماهی ساده 180 گرمی گالکسی,3
1402/10/26,4,تن ماهی ساده 180 گرمی گالکسی,3
1402/10/16,4,تن ماهی ساده 180 گرمی گالکسی,3
1402/10/15,4,تن ماهی ساده 180 گرمی گالکسی,2
1402/10/11,4,تن ماهی ساده 180 گرمی گالکسی,1
1402/10/04,4,تن ماهی ساده 180 گرمی گالکسی,3
1402/12/03,4,اسپاگتی 1.5 زر 700 گرم,1
1402/11/29,4,اسپاگتی 1.5 زر 700 گرم,2
1402/11/28,4,اسپاگتی 1.5 زر 700 گرم,2
1402/11/18,4,اسپاگتی 1.5 زر 700 گرم,2
1402/11/15,4,اسپاگتی 1.5 زر 700 گرم,2
1402/11/12,4,اسپاگتی 1.5 زر 700 گرم,1
1402/11/07,4,اسپاگتی 1.5 زر 700 گرم,1
1402/11/07,4,اسپاگتی 1.5 زر 700 گرم,2
1402/11/03,4,اسپاگتی 1.5 زر 700 گرم,3
1402/10/28,4,اسپاگتی 1.5 زر 700 گرم,1
1402/10/28,4,اسپاگتی 1.5 زر 700 گرم,3
1402/10/23,4,اسپاگتی 1.5 زر 700 گرم,1
1402/10/23,4,اسپاگتی 1.5 زر 700 گرم,2
1402/10/22,4,اسپاگتی 1.5 زر 700 گرم,3
1402/10/21,4,اسپاگتی 1.5 زر 700 گرم,1
1402/10/13,4,اسپاگتی 1.5 زر 700 گرم,2
1402/10/12,4,اسپاگتی 1.5 زر 700 گرم,2
1402/10/11,4,اسپاگتی 1.5 زر 700 گرم,3
1402/10/05,4,اسپاگتی 1.5 زر 700 گرم,3
1402/12/04,4,گوشت چرخکرده مخلوط مهیا 1 کیلویی,3
1402/11/30,4,گوشت چرخکرده مخلوط مهیا 1 کیلویی,1
1402/11/28,4,گوشت چرخکرده مخلوط مهیا 1 کیلویی,1
1402/11/23,4,گوشت چرخکرده مخلوط مهیا 1 کیلویی,1
1402/11/13,4,گوشت چرخکرده مخلوط مهیا 1 کیلویی,1
1402/11/12,4,گوشت چرخکرده مخلوط مهیا 1 کیلویی,2
1402/11/07,4,گوشت چرخکرده مخلوط مهیا 1 کیلویی,1
1402/10/28,4,گوشت چرخکرده مخلوط مهیا 1 کیلویی,2
1402/11/28,3,رب گوجه فرنگی 800 گرمی اصالت,3
1402/11/27,3,رب گوجه فرنگی 800 گرمی اصالت,1
1402/11/22,3,رب گوجه فرنگی 800 گرمی اصالت,3
1402/11/04,3,رب گوجه فرنگی 800 گرمی اصالت,2
1402/11/01,3,رب گوجه فرنگی 800 گرمی اصالت,2
1402/11/01,3,رب گوجه فرنگی 800 گرمی اصالت,3
1402/10/17,3,رب گوجه فرنگی 800 گرمی اصالت,2
1402/10/16,3,رب گوجه فرنگی 800 گرمی اصالت,2
1402/10/03,3,رب گوجه فرنگی 800 گرمی اصالت,2
1402/11/30,3,روغن گیاهی نیمه جامد امگا 4 کیلویی غنچه,2
1402/11/29,3,روغن گیاهی نیمه جامد امگا 4 کیلویی غنچه,2
1402/11/23,3,روغن گیاهی نیمه جامد امگا 4 کیلویی غنچه,2
1402/11/17,3,روغن گیاهی نیمه جامد امگا 4 کیلویی غنچه,1
1402/11/08,3,روغن گیاهی نیمه جامد امگا 4 کیلویی غنچه,1
1402/11/05,3,روغن گیاهی نیمه جامد امگا 4 کیلویی غنچه,2
1402/11/05,3,روغن گیاهی نیمه جامد امگا 4 کیلویی غنچه,3
1402/10/26,3,روغن گیاهی نیمه جامد امگا 4 کیلویی غنچه,3
1402/10/20,3,روغن گیاهی نیمه جامد امگا 4 کیلویی غنچه,3
1402/10/18,3,روغن گیاهی نیمه جامد امگا 4 کیلویی غنچه,3
1402/10/16,3,روغن گیاهی نیمه جامد امگا 4 کیلویی غنچه,3
1402/10/01,3,روغن گیاهی نیمه جامد امگا 4 کیلویی غنچه,2
1402/12/01,3,روغن سرخ بدون پالم شفاف غنچه 810 گرم,2
1402/11/30,3,روغن سرخ بدون پالم شفاف غنچه 810 گرم,2
1402/11/20,3,روغن سرخ بدون پالم شفاف غنچه 810 گرم,2
1402/11/18,3,روغن سرخ بدون پالم شفاف غنچه 810 گرم,1
1402/11/15,3,روغن سرخ بدون پالم شفاف غنچه 810 گرم,1
1402/11/08,3,روغن سرخ بدون پالم شفاف غنچه 810 گرم,3
1402/11/05,3,روغن سرخ بدون پالم شفاف غنچه 810 گرم,3
1402/11/02,3,روغن سرخ بدون پالم شفاف غنچه 810 گرم,2
1402/10/30,3,روغن سرخ بدون پالم شفاف غنچه 810 گرم,3
1402/10/28,3,روغن سرخ بدون پالم شفاف غنچه 810 گرم,3
1402/10/25,3,روغن سرخ بدون پالم شفاف غنچه 810 گرم,1
1402/10/25,3,روغن سرخ بدون پالم شفاف غنچه 810 گرم,3
1402/10/24,3,روغن سرخ بدون پالم شفاف غنچه 810 گرم,2
1402/10/18,3,روغن سرخ بدون پالم شفاف غنچه 810 گرم,1
1402/10/18,3,روغن سرخ بدون پالم شفاف غنچه 810 گرم,3
1402/10/12,3,روغن سرخ بدون پالم شفاف غنچه 810 گرم,3
1402/10/09,3,روغن سرخ بدون پالم شفاف غنچه 810 گرم,3
1402/12/04,3,تن ماهی ساده 180 گرمی گالکسی,1
1402/11/23,3,تن ماهی ساده 180 گرمی گالکسی,1
1402/11/22,3,تن ماهی ساده 180 گرمی گالکسی,1
1402/11/21,3,تن ماهی ساده 180 گرمی گالکسی,1
1402/11/17,3,تن ماهی ساده 180 گرمی گالکسی,1
1402/11/15,3,تن ماهی ساده 180 گرمی گالکسی,2
1402/11/08,3,تن ماهی ساده 180 گرمی گالکسی,2
1402/11/03,3,تن ماهی ساده 180 گرمی گالکسی,1
1402/10/30,3,تن ماهی ساده 180 گرمی گالکسی,1
1402/10/25,3,تن ماهی ساده 180 گرمی گالکسی,2
1402/10/23,3,تن ماهی ساده 180 گرمی گالکسی,1
1402/10/15,3,تن ماهی ساده 180 گرمی گالکسی,3
1402/10/10,3,تن ماهی ساده 180 گرمی گالکسی,3
1402/10/09,3,تن ماهی ساده 180 گرمی گالکسی,2
1402/10/05,3,تن ماهی ساده 180 گرمی گالکسی,2
1402/12/02,3,اسپاگتی 1.5 زر 700 گرم,3
1402/11/30,3,اسپاگتی 1.5 زر 700 گرم,3
1402/11/17,3,اسپاگتی 1.5 زر 700 گرم,3
1402/11/16,3,اسپاگتی 1.5 زر 700 گرم,1
1402/11/12,3,اسپاگتی 1.5 زر 700 گرم,3
1402/11/08,3,اسپاگتی 1.5 زر 700 گرم,3
1402/11/05,3,اسپاگتی 1.5 زر 700 گرم,1
1402/11/01,3,اسپاگتی 1.5 زر 700 گرم,1
1402/10/29,3,اسپاگتی 1.5 زر 700 گرم,2
1402/10/25,3,اسپاگتی 1.5 زر 700 گرم,2
1402/10/20,3,اسپاگتی 1.5 زر 700 گرم,3
1402/10/17,3,اسپاگتی 1.5 زر 700 گرم,2
1402/10/14,3,اسپاگتی 1.5 زر 700 گرم,3
1402/10/13,3,اسپاگتی 1.5 زر 700 گرم,1
1402/10/01,3,اسپاگتی 1.5 زر 700 گرم,3
1402/12/04,3,گوشت چرخکرده مخلوط مهیا 1 کیلویی,1
1402/12/03,3,گوشت چرخکرده مخلوط مهیا 1 کیلویی,1
1402/12/02,3,گوشت چرخکرده مخلوط مهیا 1 کیلویی,3
1402/12/01,3,گوشت چرخکرده مخلوط مهیا 1 کیلویی,1
1402/11/29,3,گوشت چرخکرده مخلوط مهیا 1 کیلویی,1
1402/11/27,3,گوشت چرخکرده مخلوط مهیا 1 کیلویی,1
1402/11/24,3,گوشت چرخکرده مخلوط مهیا 1 کیلویی,1
1402/11/18,3,گوشت چرخکرده مخلوط مهیا 1 کیلویی,1
1402/11/17,3,گوشت چرخکرده مخلوط مهیا 1 کیلویی,2
1402/11/09,3,گوشت چرخکرده مخلوط مهیا 1 کیلویی,2
1402/11/01,3,گوشت چرخکرده مخلوط مهیا 1 کیلویی,2
1402/10/30,3,گوشت چرخکرده مخلوط مهیا 1 کیلویی,2
1402/10/25,3,گوشت چرخکرده مخلوط مهیا 1 کیلویی,1
1402/10/24,3,گوشت چرخکرده مخلوط مهیا 1 کیلویی,1
1402/12/04,2,رب گوجه فرنگی 800 گرمی اصالت,2
1402/12/02,2,رب گوجه فرنگی 800 گرمی اصالت,2
1402/11/30,2,رب گوجه فرنگی 800 گرمی اصالت,2
1402/11/27,2,رب گوجه فرنگی 800 گرمی اصالت,3
1402/11/19,2,رب گوجه فرنگی 800 گرمی اصالت,2
1402/11/07,2,رب گوجه فرنگی 800 گرمی اصالت,3
1402/11/06,2,رب گوجه فرنگی 800 گرمی اصالت,3
1402/10/16,2,رب گوجه فرنگی 800 گرمی اصالت,3
1402/10/14,2,رب گوجه فرنگی 800 گرمی اصالت,3
1402/10/09,2,رب گوجه فرنگی 800 گرمی اصالت,2
1402/10/02,2,رب گوجه فرنگی 800 گرمی اصالت,3
1402/11/17,2,عسل پت 500 گرم داری نوش,2
1402/11/02,2,عسل پت 500 گرم داری نوش,1
1402/12/04,2,روغن گیاهی نیمه جامد امگا 4 کیلویی غنچه,2
1402/12/04,2,روغن گیاهی نیمه جامد امگا 4 کیلویی غنچه,3
1402/12/03,2,روغن گیاهی نیمه جامد امگا 4 کیلویی غنچه,2
1402/12/02,2,روغن گیاهی نیمه جامد امگا 4 کیلویی غنچه,2
1402/12/01,2,روغن گیاهی نیمه جامد امگا 4 کیلویی غنچه,3
1402/11/30,2,روغن گیاهی نیمه جامد امگا 4 کیلویی غنچه,3
1402/11/26,2,روغن گیاهی نیمه جامد امگا 4 کیلویی غنچه,2
1402/11/26,2,روغن گیاهی نیمه جامد امگا 4 کیلویی غنچه,3
1402/11/23,2,روغن گیاهی نیمه جامد امگا 4 کیلویی غنچه,3
1402/11/22,2,روغن گیاهی نیمه جامد امگا 4 کیلویی غنچه,2
1402/11/21,2,روغن گیاهی نیمه جامد امگا 4 کیلویی غنچه,2
1402/11/18,2,روغن گیاهی نیمه جامد امگا 4 کیلویی غنچه,1
1402/11/17,2,روغن گیاهی نیمه جامد امگا 4 کیلویی غنچه,3
1402/11/16,2,روغن گیاهی نیمه جامد امگا 4 کیلویی غنچه,2
1402/11/12,2,روغن گیاهی نیمه جامد امگا 4 کیلویی غنچه,1
1402/11/11,2,روغن گیاهی نیمه جامد امگا 4 کیلویی غنچه,2
1402/11/08,2,روغن گیاهی نیمه جامد امگا 4 کیلویی غنچه,3
1402/11/04,2,روغن گیاهی نیمه جامد امگا 4 کیلویی غنچه,1
1402/11/01,2,روغن گیاهی نیمه جامد امگا 4 کیلویی غنچه,1
1402/10/28,2,روغن گیاهی نیمه جامد امگا 4 کیلویی غنچه,3
1402/10/26,2,روغن گیاهی نیمه جامد امگا 4 کیلویی غنچه,1
1402/10/24,2,روغن گیاهی نیمه جامد امگا 4 کیلویی غنچه,3
1402/10/22,2,روغن گیاهی نیمه جامد امگا 4 کیلویی غنچه,2
1402/10/21,2,روغن گیاهی نیمه جامد امگا 4 کیلویی غنچه,2
1402/10/15,2,روغن گیاهی نیمه جامد امگا 4 کیلویی غنچه,3
1402/10/14,2,روغن گیاهی نیمه جامد امگا 4 کیلویی غنچه,2
1402/10/11,2,روغن گیاهی نیمه جامد امگا 4 کیلویی غنچه,2
1402/10/10,2,روغن گیاهی نیمه جامد امگا 4 کیلویی غنچه,2
1402/10/10,2,روغن گیاهی نیمه جامد امگا 4 کیلویی غنچه,3
1402/10/07,2,روغن گیاهی نیمه جامد امگا 4 کیلویی غنچه,2
1402/10/06,2,روغن گیاهی نیمه جامد امگا 4 کیلویی غنچه,1
1402/10/02,2,روغن گیاهی نیمه جامد امگا 4 کیلویی غنچه,2
1402/12/04,2,روغن سرخ بدون پالم شفاف غنچه 810 گرم,2
1402/12/02,2,روغن سرخ بدون پالم شفاف غنچه 810 گرم,2
1402/12/01,2,روغن سرخ بدون پالم شفاف غنچه 810 گرم,1
1402/12/01,2,روغن سرخ بدون پالم شفاف غنچه 810 گرم,3
1402/11/30,2,روغن سرخ بدون پالم شفاف غنچه 810 گرم,3
1402/11/29,2,روغن سرخ بدون پالم شفاف غنچه 810 گرم,2
1402/11/27,2,روغن سرخ بدون پالم شفاف غنچه 810 گرم,3
1402/11/25,2,روغن سرخ بدون پالم شفاف غنچه 810 گرم,2
1402/11/24,2,روغن سرخ بدون پالم شفاف غنچه 810 گرم,3
1402/11/21,2,روغن سرخ بدون پالم شفاف غنچه 810 گرم,3
1402/11/20,2,روغن سرخ بدون پالم شفاف غنچه 810 گرم,1
1402/11/19,2,روغن سرخ بدون پالم شفاف غنچه 810 گرم,2
1402/11/15,2,روغن سرخ بدون پالم شفاف غنچه 810 گرم,3
1402/11/14,2,روغن سرخ بدون پالم شفاف غنچه 810 گرم,3
1402/11/06,2,روغن سرخ بدون پالم شفاف غنچه 810 گرم,1
1402/10/29,2,روغن سرخ بدون پالم شفاف غنچه 810 گرم,2
1402/10/21,2,روغن سرخ بدون پالم شفاف غنچه 810 گرم,2
1402/10/19,2,روغن سرخ بدون پالم شفاف غنچه 810 گرم,3
1402/10/16,2,روغن سرخ بدون پالم شفاف غنچه 810 گرم,3
1402/10/15,2,روغن سرخ بدون پالم شفاف غنچه 810 گرم,1
1402/10/15,2,روغن سرخ بدون پالم شفاف غنچه 810 گرم,3
1402/10/14,2,روغن سرخ بدون پالم شفاف غنچه 810 گرم,1
1402/10/11,2,روغن سرخ بدون پالم شفاف غنچه 810 گرم,3
1402/10/07,2,روغن سرخ بدون پالم شفاف غنچه 810 گرم,3
1402/10/04,2,روغن سرخ بدون پالم شفاف غنچه 810 گرم,2
1402/10/03,2,روغن سرخ بدون پالم شفاف غنچه 810 گرم,2
1402/10/02,2,روغن سرخ بدون پالم شفاف غنچه 810 گرم,3
1402/12/04,2,تن ماهی ساده 180 گرمی گالکسی,3
1402/11/29,2,تن ماهی ساده 180 گرمی گالکسی,1
1402/11/20,2,تن ماهی ساده 180 گرمی گالکسی,1
1402/11/15,2,تن ماهی ساده 180 گرمی گالکسی,3
1402/11/10,2,تن ماهی ساده 180 گرمی گالکسی,1
1402/11/07,2,تن ماهی ساده 180 گرمی گالکسی,2
1402/11/06,2,تن ماهی ساده 180 گرمی گالکسی,3
1402/10/28,2,تن ماهی ساده 180 گرمی گالکسی,3
1402/10/23,2,تن ماهی ساده 180 گرمی گالکسی,2
1402/10/21,2,تن ماهی ساده 180 گرمی گالکسی,2
1402/10/19,2,تن ماهی ساده 180 گرمی گالکسی,3
1402/10/14,2,تن ماهی ساده 180 گرمی گالکسی,1
1402/10/10,2,تن ماهی ساده 180 گرمی گالکسی,1
1402/10/10,2,تن ماهی ساده 180 گرمی گالکسی,2
1402/10/09,2,تن ماهی ساده 180 گرمی گالکسی,1
1402/10/07,2,تن ماهی ساده 180 گرمی گالکسی,3
1402/10/02,2,تن ماهی ساده 180 گرمی گالکسی,2
1402/10/01,2,تن ماهی ساده 180 گرمی گالکسی,2
1402/10/01,2,تن ماهی ساده 180 گرمی گالکسی,3
1402/11/25,2,اسپاگتی 1.5 زر 700 گرم,2
1402/11/24,2,اسپاگتی 1.5 زر 700 گرم,1
1402/11/23,2,اسپاگتی 1.5 زر 700 گرم,2
1402/11/19,2,اسپاگتی 1.5 زر 700 گرم,2
1402/11/18,2,اسپاگتی 1.5 زر 700 گرم,1
1402/11/17,2,اسپاگتی 1.5 زر 700 گرم,2
1402/11/16,2,اسپاگتی 1.5 زر 700 گرم,3
1402/11/11,2,اسپاگتی 1.5 زر 700 گرم,1
1402/11/05,2,اسپاگتی 1.5 زر 700 گرم,3
1402/11/04,2,اسپاگتی 1.5 زر 700 گرم,1
1402/11/02,2,اسپاگتی 1.5 زر 700 گرم,1
1402/10/30,2,اسپاگتی 1.5 زر 700 گرم,1
1402/10/29,2,اسپاگتی 1.5 زر 700 گرم,1
1402/10/27,2,اسپاگتی 1.5 زر 700 گرم,3
1402/10/24,2,اسپاگتی 1.5 زر 700 گرم,2
1402/10/21,2,اسپاگتی 1.5 زر 700 گرم,2
1402/10/19,2,اسپاگتی 1.5 زر 700 گرم,1
1402/10/10,2,اسپاگتی 1.5 زر 700 گرم,2
1402/10/10,2,اسپاگتی 1.5 زر 700 گرم,3
1402/10/09,2,اسپاگتی 1.5 زر 700 گرم,1
1402/10/08,2,اسپاگتی 1.5 زر 700 گرم,2
1402/10/07,2,اسپاگتی 1.5 زر 700 گرم,2
1402/10/06,2,اسپاگتی 1.5 زر 700 گرم,2
1402/10/04,2,اسپاگتی 1.5 زر 700 گرم,2
1402/10/03,2,اسپاگتی 1.5 زر 700 گرم,1
1402/12/01,2,گوشت چرخکرده مخلوط مهیا 1 کیلویی,2
1402/11/26,2,گوشت چرخکرده مخلوط مهیا 1 کیلویی,1
1402/11/25,2,گوشت چرخکرده مخلوط مهیا 1 کیلویی,2
1402/11/24,2,گوشت چرخکرده مخلوط مهیا 1 کیلویی,2
1402/11/17,2,گوشت چرخکرده مخلوط مهیا 1 کیلویی,3
1402/11/08,2,گوشت چرخکرده مخلوط مهیا 1 کیلویی,2
1402/11/07,2,گوشت چرخکرده مخلوط مهیا 1 کیلویی,2
1402/10/28,2,گوشت چرخکرده مخلوط مهیا 1 کیلویی,1
1402/10/28,2,گوشت چرخکرده مخلوط مهیا 1 کیلویی,3
1402/10/21,2,گوشت چرخکرده مخلوط مهیا 1 کیلویی,3
1402/12/01,1,رب گوجه فرنگی 800 گرمی اصالت,3
1402/11/28,1,رب گوجه فرنگی 800 گرمی اصالت,2
1402/11/26,1,رب گوجه فرنگی 800 گرمی اصالت,2
1402/11/26,1,رب گوجه فرنگی 800 گرمی اصالت,3
1402/11/25,1,رب گوجه فرنگی 800 گرمی اصالت,2
1402/11/25,1,رب گوجه فرنگی 800 گرمی اصالت,3
1402/11/18,1,رب گوجه فرنگی 800 گرمی اصالت,1
1402/11/18,1,رب گوجه فرنگی 800 گرمی اصالت,2
1402/11/18,1,رب گوجه فرنگی 800 گرمی اصالت,3
1402/11/17,1,رب گوجه فرنگی 800 گرمی اصالت,2
1402/11/16,1,رب گوجه فرنگی 800 گرمی اصالت,3
1402/11/15,1,رب گوجه فرنگی 800 گرمی اصالت,1
1402/11/14,1,رب گوجه فرنگی 800 گرمی اصالت,3
1402/11/13,1,رب گوجه فرنگی 800 گرمی اصالت,3
1402/11/11,1,رب گوجه فرنگی 800 گرمی اصالت,2
1402/11/09,1,رب گوجه فرنگی 800 گرمی اصالت,2
1402/11/09,1,رب گوجه فرنگی 800 گرمی اصالت,3
1402/11/05,1,رب گوجه فرنگی 800 گرمی اصالت,3
1402/11/02,1,رب گوجه فرنگی 800 گرمی اصالت,2
1402/11/02,1,رب گوجه فرنگی 800 گرمی اصالت,3
1402/11/01,1,رب گوجه فرنگی 800 گرمی اصالت,1
1402/10/30,1,رب گوجه فرنگی 800 گرمی اصالت,3
1402/10/28,1,رب گوجه فرنگی 800 گرمی اصالت,3
1402/10/27,1,رب گوجه فرنگی 800 گرمی اصالت,1
1402/10/27,1,رب گوجه فرنگی 800 گرمی اصالت,2
1402/10/25,1,رب گوجه فرنگی 800 گرمی اصالت,2
1402/10/24,1,رب گوجه فرنگی 800 گرمی اصالت,2
1402/10/24,1,رب گوجه فرنگی 800 گرمی اصالت,3
1402/10/23,1,رب گوجه فرنگی 800 گرمی اصالت,1
1402/10/23,1,رب گوجه فرنگی 800 گرمی اصالت,2
1402/10/20,1,رب گوجه فرنگی 800 گرمی اصالت,3
1402/10/17,1,رب گوجه فرنگی 800 گرمی اصالت,3
1402/10/15,1,رب گوجه فرنگی 800 گرمی اصالت,2
1402/10/13,1,رب گوجه فرنگی 800 گرمی اصالت,1
1402/10/12,1,رب گوجه فرنگی 800 گرمی اصالت,3
1402/10/11,1,رب گوجه فرنگی 800 گرمی اصالت,3
1402/10/10,1,رب گوجه فرنگی 800 گرمی اصالت,3
1402/10/07,1,رب گوجه فرنگی 800 گرمی اصالت,2
1402/10/07,1,رب گوجه فرنگی 800 گرمی اصالت,3
1402/10/06,1,رب گوجه فرنگی 800 گرمی اصالت,2
1402/10/05,1,رب گوجه فرنگی 800 گرمی اصالت,3
1402/10/04,1,رب گوجه فرنگی 800 گرمی اصالت,3
1402/12/01,1,عسل پت 500 گرم داری نوش,2
1402/11/30,1,عسل پت 500 گرم داری نوش,2
1402/11/28,1,عسل پت 500 گرم داری نوش,3
1402/11/25,1,عسل پت 500 گرم داری نوش,2
1402/11/24,1,عسل پت 500 گرم داری نوش,2
1402/11/15,1,عسل پت 500 گرم داری نوش,2
1402/11/13,1,عسل پت 500 گرم داری نوش,3
1402/11/03,1,عسل پت 500 گرم داری نوش,1
1402/10/24,1,عسل پت 500 گرم داری نوش,1
1402/10/21,1,عسل پت 500 گرم داری نوش,2
1402/10/20,1,عسل پت 500 گرم داری نوش,2
1402/10/12,1,عسل پت 500 گرم داری نوش,2
1402/10/02,1,عسل پت 500 گرم داری نوش,1
1402/10/02,1,عسل پت 500 گرم داری نوش,3
1402/10/01,1,عسل پت 500 گرم داری نوش,1
1402/10/01,1,عسل پت 500 گرم داری نوش,3
1402/12/04,1,روغن گیاهی نیمه جامد امگا 4 کیلویی غنچه,1
1402/12/03,1,روغن گیاهی نیمه جامد امگا 4 کیلویی غنچه,1
1402/12/03,1,روغن گیاهی نیمه جامد امگا 4 کیلویی غنچه,3
1402/12/02,1,روغن گیاهی نیمه جامد امگا 4 کیلویی غنچه,1
1402/12/02,1,روغن گیاهی نیمه جامد امگا 4 کیلویی غنچه,3
1402/11/27,1,روغن گیاهی نیمه جامد امگا 4 کیلویی غنچه,3
1402/11/20,1,روغن گیاهی نیمه جامد امگا 4 کیلویی غنچه,2
1402/11/20,1,روغن گیاهی نیمه جامد امگا 4 کیلویی غنچه,3
1402/11/19,1,روغن گیاهی نیمه جامد امگا 4 کیلویی غنچه,3
1402/11/18,1,روغن گیاهی نیمه جامد امگا 4 کیلویی غنچه,2
1402/11/17,1,روغن گیاهی نیمه جامد امگا 4 کیلویی غنچه,2
1402/11/15,1,روغن گیاهی نیمه جامد امگا 4 کیلویی غنچه,2
1402/11/15,1,روغن گیاهی نیمه جامد امگا 4 کیلویی غنچه,3
1402/11/14,1,روغن گیاهی نیمه جامد امگا 4 کیلویی غنچه,3
1402/11/13,1,روغن گیاهی نیمه جامد امگا 4 کیلویی غنچه,1
1402/11/13,1,روغن گیاهی نیمه جامد امگا 4 کیلویی غنچه,3
1402/11/12,1,روغن گیاهی نیمه جامد امگا 4 کیلویی غنچه,3
1402/11/10,1,روغن گیاهی نیمه جامد امگا 4 کیلویی غنچه,3
1402/11/09,1,روغن گیاهی نیمه جامد امگا 4 کیلویی غنچه,1
1402/11/07,1,روغن گیاهی نیمه جامد امگا 4 کیلویی غنچه,3
1402/11/06,1,روغن گیاهی نیمه جامد امگا 4 کیلویی غنچه,3
1402/11/04,1,روغن گیاهی نیمه جامد امگا 4 کیلویی غنچه,2
1402/11/03,1,روغن گیاهی نیمه جامد امگا 4 کیلویی غنچه,2
1402/11/03,1,روغن گیاهی نیمه جامد امگا 4 کیلویی غنچه,3
1402/11/01,1,روغن گیاهی نیمه جامد امگا 4 کیلویی غنچه,3
1402/10/30,1,روغن گیاهی نیمه جامد امگا 4 کیلویی غنچه,3
1402/10/29,1,روغن گیاهی نیمه جامد امگا 4 کیلویی غنچه,1
1402/10/26,1,روغن گیاهی نیمه جامد امگا 4 کیلویی غنچه,2
1402/10/25,1,روغن گیاهی نیمه جامد امگا 4 کیلویی غنچه,1
1402/10/22,1,روغن گیاهی نیمه جامد امگا 4 کیلویی غنچه,3
1402/10/21,1,روغن گیاهی نیمه جامد امگا 4 کیلویی غنچه,3
1402/10/20,1,روغن گیاهی نیمه جامد امگا 4 کیلویی غنچه,1
1402/10/19,1,روغن گیاهی نیمه جامد امگا 4 کیلویی غنچه,1
1402/10/16,1,روغن گیاهی نیمه جامد امگا 4 کیلویی غنچه,1
1402/10/16,1,روغن گیاهی نیمه جامد امگا 4 کیلویی غنچه,2
1402/10/14,1,روغن گیاهی نیمه جامد امگا 4 کیلویی غنچه,3
1402/10/13,1,روغن گیاهی نیمه جامد امگا 4 کیلویی غنچه,2
1402/10/11,1,روغن گیاهی نیمه جامد امگا 4 کیلویی غنچه,1
1402/10/11,1,روغن گیاهی نیمه جامد امگا 4 کیلویی غنچه,3
1402/10/09,1,روغن گیاهی نیمه جامد امگا 4 کیلویی غنچه,2
1402/10/08,1,روغن گیاهی نیمه جامد امگا 4 کیلویی غنچه,1
1402/10/07,1,روغن گیاهی نیمه جامد امگا 4 کیلویی غنچه,3
1402/10/06,1,روغن گیاهی نیمه جامد امگا 4 کیلویی غنچه,2
1402/10/04,1,روغن گیاهی نیمه جامد امگا 4 کیلویی غنچه,3
1402/10/03,1,روغن گیاهی نیمه جامد امگا 4 کیلویی غنچه,3
1402/10/02,1,روغن گیاهی نیمه جامد امگا 4 کیلویی غنچه,1
1402/12/03,1,روغن سرخ بدون پالم شفاف غنچه 810 گرم,3
1402/12/02,1,روغن سرخ بدون پالم شفاف غنچه 810 گرم,3
1402/11/30,1,روغن سرخ بدون پالم شفاف غنچه 810 گرم,1
1402/11/25,1,روغن سرخ بدون پالم شفاف غنچه 810 گرم,3
1402/11/23,1,روغن سرخ بدون پالم شفاف غنچه 810 گرم,1
1402/11/23,1,روغن سرخ بدون پالم شفاف غنچه 810 گرم,3
1402/11/21,1,روغن سرخ بدون پالم شفاف غنچه 810 گرم,2
1402/11/18,1,روغن سرخ بدون پالم شفاف غنچه 810 گرم,2
1402/11/17,1,روغن سرخ بدون پالم شفاف غنچه 810 گرم,1
1402/11/17,1,روغن سرخ بدون پالم شفاف غنچه 810 گرم,2
1402/11/16,1,روغن سرخ بدون پالم شفاف غنچه 810 گرم,1
1402/11/14,1,روغن سرخ بدون پالم شفاف غنچه 810 گرم,2
1402/11/13,1,روغن سرخ بدون پالم شفاف غنچه 810 گرم,2
1402/11/11,1,روغن سرخ بدون پالم شفاف غنچه 810 گرم,2
1402/11/11,1,روغن سرخ بدون پالم شفاف غنچه 810 گرم,3
1402/11/10,1,روغن سرخ بدون پالم شفاف غنچه 810 گرم,3
1402/11/08,1,روغن سرخ بدون پالم شفاف غنچه 810 گرم,1
1402/11/05,1,روغن سرخ بدون پالم شفاف غنچه 810 گرم,2
1402/11/04,1,روغن سرخ بدون پالم شفاف غنچه 810 گرم,1
1402/11/04,1,روغن سرخ بدون پالم شفاف غنچه 810 گرم,2
1402/11/04,1,روغن سرخ بدون پالم شفاف غنچه 810 گرم,3
1402/11/03,1,روغن سرخ بدون پالم شفاف غنچه 810 گرم,1
1402/11/03,1,روغن سرخ بدون پالم شفاف غنچه 810 گرم,3
1402/11/01,1,روغن سرخ بدون پالم شفاف غنچه 810 گرم,1
1402/11/01,1,روغن سرخ بدون پالم شفاف غنچه 810 گرم,3
1402/10/27,1,روغن سرخ بدون پالم شفاف غنچه 810 گرم,2
1402/10/27,1,روغن سرخ بدون پالم شفاف غنچه 810 گرم,3
1402/10/24,1,روغن سرخ بدون پالم شفاف غنچه 810 گرم,3
1402/10/23,1,روغن سرخ بدون پالم شفاف غنچه 810 گرم,3
1402/10/20,1,روغن سرخ بدون پالم شفاف غنچه 810 گرم,2
1402/10/19,1,روغن سرخ بدون پالم شفاف غنچه 810 گرم,1
1402/10/13,1,روغن سرخ بدون پالم شفاف غنچه 810 گرم,3
1402/10/11,1,روغن سرخ بدون پالم شفاف غنچه 810 گرم,1
1402/10/10,1,روغن سرخ بدون پالم شفاف غنچه 810 گرم,1
1402/10/08,1,روغن سرخ بدون پالم شفاف غنچه 810 گرم,2
1402/10/08,1,روغن سرخ بدون پالم شفاف غنچه 810 گرم,3
1402/10/07,1,روغن سرخ بدون پالم شفاف غنچه 810 گرم,2
1402/10/05,1,روغن سرخ بدون پالم شفاف غنچه 810 گرم,3
1402/10/02,1,روغن سرخ بدون پالم شفاف غنچه 810 گرم,2
1402/11/30,1,تن ماهی ساده 180 گرمی گالکسی,3
1402/11/28,1,تن ماهی ساده 180 گرمی گالکسی,1
1402/11/26,1,تن ماهی ساده 180 گرمی گالکسی,1
1402/11/26,1,تن ماهی ساده 180 گرمی گالکسی,3
1402/11/20,1,تن ماهی ساده 180 گرمی گالکسی,2
1402/11/20,1,تن ماهی ساده 180 گرمی گالکسی,3
1402/11/16,1,تن ماهی ساده 180 گرمی گالکسی,1
1402/11/15,1,تن ماهی ساده 180 گرمی گالکسی,1
1402/11/09,1,تن ماهی ساده 180 گرمی گالکسی,1
1402/11/07,1,تن ماهی ساده 180 گرمی گالکسی,1
1402/11/05,1,تن ماهی ساده 180 گرمی گالکسی,2
1402/11/04,1,تن ماهی ساده 180 گرمی گالکسی,2
1402/10/29,1,تن ماهی ساده 180 گرمی گالکسی,3
1402/10/27,1,تن ماهی ساده 180 گرمی گالکسی,2
1402/10/26,1,تن ماهی ساده 180 گرمی گالکسی,1
1402/10/24,1,تن ماهی ساده 180 گرمی گالکسی,1
1402/10/21,1,تن ماهی ساده 180 گرمی گالکسی,1
1402/10/20,1,تن ماهی ساده 180 گرمی گالکسی,1
1402/10/20,1,تن ماهی ساده 180 گرمی گالکسی,2
1402/10/19,1,تن ماهی ساده 180 گرمی گالکسی,2
1402/10/18,1,تن ماهی ساده 180 گرمی گالکسی,3
1402/10/13,1,تن ماهی ساده 180 گرمی گالکسی,2
1402/10/13,1,تن ماهی ساده 180 گرمی گالکسی,3
1402/10/08,1,تن ماهی ساده 180 گرمی گالکسی,2
1402/10/07,1,تن ماهی ساده 180 گرمی گالکسی,1
1402/10/06,1,تن ماهی ساده 180 گرمی گالکسی,2
1402/10/06,1,تن ماهی ساده 180 گرمی گالکسی,3
1402/10/05,1,تن ماهی ساده 180 گرمی گالکسی,1
1402/10/04,1,تن ماهی ساده 180 گرمی گالکسی,1
1402/10/01,1,تن ماهی ساده 180 گرمی گالکسی,1
1402/12/03,1,اسپاگتی 1.5 زر 700 گرم,3
1402/12/01,1,اسپاگتی 1.5 زر 700 گرم,2
1402/11/29,1,اسپاگتی 1.5 زر 700 گرم,3
1402/11/28,1,اسپاگتی 1.5 زر 700 گرم,1
1402/11/28,1,اسپاگتی 1.5 زر 700 گرم,3
1402/11/26,1,اسپاگتی 1.5 زر 700 گرم,2
1402/11/25,1,اسپاگتی 1.5 زر 700 گرم,3
1402/11/23,1,اسپاگتی 1.5 زر 700 گرم,3
1402/11/22,1,اسپاگتی 1.5 زر 700 گرم,1
1402/11/22,1,اسپاگتی 1.5 زر 700 گرم,3
1402/11/21,1,اسپاگتی 1.5 زر 700 گرم,2
1402/11/20,1,اسپاگتی 1.5 زر 700 گرم,1
1402/11/18,1,اسپاگتی 1.5 زر 700 گرم,3
1402/11/15,1,اسپاگتی 1.5 زر 700 گرم,1
1402/11/14,1,اسپاگتی 1.5 زر 700 گرم,3
1402/11/11,1,اسپاگتی 1.5 زر 700 گرم,2
1402/11/07,1,اسپاگتی 1.5 زر 700 گرم,3
1402/11/06,1,اسپاگتی 1.5 زر 700 گرم,3
1402/11/04,1,اسپاگتی 1.5 زر 700 گرم,2
1402/11/04,1,اسپاگتی 1.5 زر 700 گرم,3
1402/11/03,1,اسپاگتی 1.5 زر 700 گرم,2
1402/10/30,1,اسپاگتی 1.5 زر 700 گرم,2
1402/10/28,1,اسپاگتی 1.5 زر 700 گرم,2
1402/10/25,1,اسپاگتی 1.5 زر 700 گرم,3
1402/10/22,1,اسپاگتی 1.5 زر 700 گرم,1
1402/10/20,1,اسپاگتی 1.5 زر 700 گرم,2
1402/10/16,1,اسپاگتی 1.5 زر 700 گرم,1
1402/10/16,1,اسپاگتی 1.5 زر 700 گرم,2
1402/10/15,1,اسپاگتی 1.5 زر 700 گرم,1
1402/10/14,1,اسپاگتی 1.5 زر 700 گرم,1
1402/10/09,1,اسپاگتی 1.5 زر 700 گرم,2
1402/10/04,1,اسپاگتی 1.5 زر 700 گرم,3
1402/10/03,1,اسپاگتی 1.5 زر 700 گرم,3
1402/10/02,1,اسپاگتی 1.5 زر 700 گرم,2
1402/10/01,1,اسپاگتی 1.5 زر 700 گرم,1
1402/11/25,1,گوشت چرخکرده مخلوط مهیا 1 کیلویی,1
1402/11/18,1,گوشت چرخکرده مخلوط مهیا 1 کیلویی,2
1402/11/18,1,گوشت چرخکرده مخلوط مهیا 1 کیلویی,3
1402/11/13,1,گوشت چرخکرده مخلوط مهیا 1 کیلویی,3
1402/11/10,1,گوشت چرخکرده مخلوط مهیا 1 کیلویی,2
1402/11/09,1,گوشت چرخکرده مخلوط مهیا 1 کیلویی,1
1402/11/08,1,گوشت چرخکرده مخلوط مهیا 1 کیلویی,1
1402/11/05,1,گوشت چرخکرده مخلوط مهیا 1 کیلویی,1
1402/10/26,1,گوشت چرخکرده مخلوط مهیا 1 کیلویی,1
1402/10/22,1,گوشت چرخکرده مخلوط مهیا 1 کیلویی,1
1402/10/20,1,گوشت چرخکرده مخلوط مهیا 1 کیلویی,1
